{
  "version": "1.1.0",
  "data": {
    "id": 15397,
    "identifier": "Demo.Action.CMP2Twitter",
    "cultures": [
      "en-US",
      "ja-JP"
    ],
    "properties": {
      "Type": {
        "identifier": "AzureServiceBus",
        "labels": {
          "en-US": "Azure Service Bus",
          "ja-JP": "Azure Service Bus"
        }
      },
      "Settings": {
        "connectionString": "Endpoint=sb://contenthubjpdemo.servicebus.windows.net/;SharedAccessKeyName=RootManageSharedAccessKey;SharedAccessKey=e3GWCVON6X7NUqZAGqn1ZebA24Mt5ROPiSnCiHHcDec=",
        "destination": "m_twitter",
        "destinationType": "Topic",
        "headers": [
          {
            "key": "host_header",
            "value": "demo33jp.stylelabs.io"
          },
          {
            "key": "token",
            "value": "ce0f2ad8def44ec887926f29f8ad852e"
          }
        ],
        "values": []
      },
      "ActionExecutionScope": {
        "identifier": "External",
        "labels": {
          "en-US": "External",
          "ja-JP": "エクスターナル"
        }
      },
      "ActionLabel": {
        "ja-JP": ""
      },
      "ActionName": "Demo - CMP Twitter",
      "DefinitionName": null,
      "Defaults": null,
      "PEG_DefinitionName": null
    },
    "relations": {
      "ActionToScript": {
        "children": []
      },
      "ActionToStateMachine": {
        "children": []
      },
      "ActionToTemplate": {
        "children": []
      }
    },
    "created_by": {
      "href": "MKuQfuJoCkmKvFHYwWL_Lg"
    },
    "created_on": "2020-07-09T02:44:26.5744121Z",
    "modified_by": {
      "href": "MKuQfuJoCkmKvFHYwWL_Lg"
    },
    "modified_on": "2020-07-09T02:45:04.8679428Z",
    "entitydefinition": {
      "href": "M.Action",
      "title": "The entity definition for this entity"
    },
    "copy": {
      "href": null
    },
    "permissions": {
      "href": null
    },
    "lifecycle": {
      "href": null
    },
    "saved_selections": {
      "href": null
    },
    "roles": {
      "href": null
    },
    "annotations": {
      "href": null
    },
    "is_root_taxonomy_item": false,
    "is_path_root": false,
    "inherits_security": true,
    "is_system_owned": false,
    "version": 3,
    "self": {
      "href": "Demo.Action.CMP2Twitter"
    }
  }
}
